Station,Year,Month,Day,Daily Rainfall Total (mm),Highest 30 min Rainfall (mm),Highest 60 min Rainfall (mm),Highest 120 min Rainfall (mm),Mean Temperature (°C),Maximum Temperature (°C),Minimum Temperature (°C),Mean Wind Speed (km/h),Max Wind Speed (km/h)
Sentosa Island,2023,10,1,0,0,0,0,28.8,32.5,26.5,4.3,28.5
Sentosa Island,2023,10,2,0,0,0,0,29.4,32.5,27.1,5.9,20.9
Sentosa Island,2023,10,3,0.2,0.2,0.2,0.2,27.7,30.4,25.9,6.6,38.9
Sentosa Island,2023,10,4,0,0,0,0,29,33.6,26.4,4.8,20.2
Sentosa Island,2023,10,5,0,0,0,0,29.7,35.3,27.4,5.5,28.9
Sentosa Island,2023,10,6,0,0,0,0,29.6,33.9,27.6,5.5,22
Sentosa Island,2023,10,7,0,0,0,0,29.9,34.3,27.7,5.2,22.6
Sentosa Island,2023,10,8,0,0,0,0,29.5,34,27,5.2,22.6
Sentosa Island,2023,10,9,18.4,12.2,13.4,17.4,28.6,32.3,24.3,5.3,23.3
Sentosa Island,2023,10,10,0,0,0,0,29.3,33.4,27.5,4.9,29.4
Sentosa Island,2023,10,11,0,0,0,0,29.4,32.2,27.3,4.8,23.3
Sentosa Island,2023,10,12,0,0,0,0,29.9,34.9,27.8,5.7,22.6
Sentosa Island,2023,10,13,0,0,0,0,29.6,33.1,27.2,5.4,21.7
Sentosa Island,2023,10,14,0,0,0,0,29.6,33,27.6,5.4,18
Sentosa Island,2023,10,15,0,0,0,0,29.8,33,27.2,5.8,21.7
Sentosa Island,2023,10,16,2.8,2.8,2.8,2.8,29.5,32.5,25,5.2,36.3
Sentosa Island,2023,10,17,0,0,0,2.8,29.6,32.9,26.7,5.7,20.6
Sentosa Island,2023,10,18,38.8,23,25.4,31.2,27.3,32.9,24.1,4.1,29.8
Sentosa Island,2023,10,19,0,0,0,0,28.7,33,26.1,5.2,27.4
Sentosa Island,2023,10,20,0,0,0,0,28.5,31.7,27.1,4.8,26.3
Sentosa Island,2023,10,21,0,0,0,0,28.6,32.6,26.8,4.2,20.6
Sentosa Island,2023,10,22,13.4,8.4,8.4,13.4,27.8,32.4,24.5,4.2,25.6
Sentosa Island,2023,10,23,9.2,9,9,9,28.2,32.9,25.7,3.7,28.9
Sentosa Island,2023,10,24,0,0,0,0,28.8,33.7,26.5,4.4,20.2
Sentosa Island,2023,10,25,0,0,0,0,28.1,31.4,26,5.3,24.8
Sentosa Island,2023,10,26,0.6,0.4,0.4,0.6,29,31.5,26.5,5.3,21.7
Sentosa Island,2023,10,27,0,0,0,0,29.7,34,27,4.3,26.3
Sentosa Island,2023,10,28,2.4,1.8,1.8,1.8,27.8,32.1,25.2,4.4,29.1
Sentosa Island,2023,10,29,0.4,0.4,0.4,0.4,28.9,33.1,25.9,4.5,22.4
Sentosa Island,2023,10,30,25.4,24.4,25.4,25.4,28.5,33.1,23.7,4.7,38.9
Sentosa Island,2023,10,31,17.6,13.4,14.8,17.6,28.2,33.9,24.7,3.9,30.9
Sentosa Island,2023,11,1,0,0,0,0,28.5,31.9,26.1,4.9,24.8
Sentosa Island,2023,11,2,0,0,0,0,29.6,33,26.2,4,17.2
Sentosa Island,2023,11,3,0,0,0,0,29.6,32.3,27.2,4.7,19.4
Sentosa Island,2023,11,4,0,0,0,0,29.1,34.7,27.3,3.9,27.8
Sentosa Island,2023,11,5,0,0,0,0,29.1,33.8,27.3,4,19.1
Sentosa Island,2023,11,6,0,0,0,0,29.3,33,27.2,3.8,18.3
Sentosa Island,2023,11,7,3.2,3.2,3.2,3.2,28.6,33.9,25.5,4.3,29.8
Sentosa Island,2023,11,8,0,0,0,0,28.4,31,26.2,5.3,27.8
Sentosa Island,2023,11,9,0,0,0,0,28.7,32.8,26.8,5,28.2
Sentosa Island,2023,11,10,0,0,0,0,29.4,33,28,5.7,22.6
Sentosa Island,2023,11,11,0,0,0,0,29.7,33.8,26.9,4.9,27
Sentosa Island,2023,11,12,0,0,0,0,29.1,32.5,27.4,4.5,20.6
Sentosa Island,2023,11,13,4.2,4.2,4.2,4.2,29.2,34.8,26.1,3.9,28.2
Sentosa Island,2023,11,14,28.4,22.8,27.6,28.2,27.4,32.5,25.2,4.4,31.7
Sentosa Island,2023,11,15,0,0,0,0,28.7,33.1,25.9,5.2,24.4
Sentosa Island,2023,11,16,16,15.4,16,16,28.2,32.8,25.3,4.2,22.6
Sentosa Island,2023,11,17,2.2,2.2,2.2,2.2,28.1,32.8,25.9,3.4,22.6
Sentosa Island,2023,11,18,51.8,30.4,36.4,37.2,28,33.3,24.8,4.3,53.7
Sentosa Island,2023,11,19,0,0,0,0,27.9,30.1,26.1,4,25.2
Sentosa Island,2023,11,20,0,0,0,0,28.4,31.8,26,5.3,25.6
Sentosa Island,2023,11,21,17.4,5,8,13.8,27.5,31.5,25.8,4.5,35.9
Sentosa Island,2023,11,22,0,0,0,0,28.1,31.3,25.9,6.2,29.8
Sentosa Island,2023,11,23,6.4,4,4.2,5.2,28.1,32.4,23.8,6.1,36.7
Sentosa Island,2023,11,24,5.2,4.8,5.2,5.2,27.6,31.6,25,5.4,73.2
Sentosa Island,2023,11,25,0.8,0.4,0.6,0.6,27.3,30.5,26,3.9,27
Sentosa Island,2023,11,26,2.6,2.6,2.6,2.6,27.3,32,25.6,3.9,18.7
Sentosa Island,2023,11,27,0,0,0,0,27.6,31,25.6,4.6,30.6
Sentosa Island,2023,11,28,39.4,24,33.8,38.6,27.7,33.3,24.7,4.2,50.7
Sentosa Island,2023,11,29,1,1,1,1,27.6,31.6,25.5,3.3,16.5
Sentosa Island,2023,11,30,69.6,27.8,28.4,46.2,27.1,33.3,24.4,4.4,48.2
Sentosa Island,2023,12,1,12.6,2.6,4.6,8.4,26.9,31.4,24.2,3.9,72.8
Sentosa Island,2023,12,2,0,0,0,0,28.4,32.1,25.8,4.2,16.5
Sentosa Island,2023,12,3,0.8,0.6,0.8,0.8,26.7,27.7,25.5,3.6,37.4
Sentosa Island,2023,12,4,0.2,0.2,0.2,0.2,27.1,29.3,25.6,4.8,32.4
Sentosa Island,2023,12,5,4,3.4,3.8,3.8,28,33.5,24.8,3.7,35
Sentosa Island,2023,12,6,28.6,9.2,15.4,20.4,26.3,32.3,24.1,4.4,27.4
Sentosa Island,2023,12,7,3.6,2.6,3.6,3.6,27.1,33.6,24.8,4.1,24.1
Sentosa Island,2023,12,8,11.6,10.2,11.4,11.6,28.3,34.1,25.5,4.6,27
Sentosa Island,2023,12,9,0.5,0.5,0.5,0.5,28.1,31.6,25.9,3.8,27
Sentosa Island,2023,12,10,0,0,0,0,28.4,31.9,26.3,3.8,27.8
Sentosa Island,2023,12,11,13.6,11.4,12.8,13.2,27.8,32.8,25.4,3.9,21.3
Sentosa Island,2023,12,12,18.6,4.8,6.4,11.4,26.3,31.2,24.7,4.3,69.8
Sentosa Island,2023,12,13,-,-,-,-,27.2,32.1,24.7,3.5,23
Sentosa Island,2023,12,14,0,-,-,-,-,33,25,-,-
Sentosa Island,2023,12,15,0,0,0,0,28.8,33.2,26,4.4,20.6
Sentosa Island,2023,12,16,77.6,45.2,58,62.6,27.7,32.6,24.3,3.9,24.8
Sentosa Island,2023,12,17,6.4,6.2,6.2,6.4,28.2,33.1,25.6,5,25.9
Sentosa Island,2023,12,18,13.4,10.4,10.6,11.2,27.8,31.9,26.2,4,23.7
Sentosa Island,2023,12,19,15.4,14.4,14.8,15,27.4,31.8,24.9,4.1,28.5
Sentosa Island,2023,12,20,3,3,3,3,27.9,33.6,25.6,4.1,31.7
Sentosa Island,2023,12,21,11.8,5.8,9.6,11.6,27.4,33.2,25.2,4.6,29.4
Sentosa Island,2023,12,22,2.6,1.2,1.8,2.4,28.1,32.5,25.2,6.5,31.7
Sentosa Island,2023,12,23,0,0,0,0,26.8,29.1,25.4,5.1,19.8
Sentosa Island,2023,12,24,1.6,1.2,1.4,1.6,27.9,32.2,25,4.3,18.3
Sentosa Island,2023,12,25,1.2,0.6,1,1.2,27.1,31,24.8,4.5,36.3
Sentosa Island,2023,12,26,3.6,3.6,3.6,3.6,27.6,32.2,25.5,4.6,24.8
Sentosa Island,2023,12,27,4.4,1.4,1.8,3.2,26.6,29.6,25.3,4.2,24.8
Sentosa Island,2023,12,28,36.6,17.2,19.8,20,26.6,31.2,24.1,4.2,24.8
Sentosa Island,2023,12,29,10.8,9,10.6,11.8,28,32.9,24.9,4.2,39.3
Sentosa Island,2023,12,30,3,1.8,2,2.2,27.9,32.2,26.4,4.2,25.2
Sentosa Island,2023,12,31,3,0.8,1.2,1.2,26.4,28.1,25.5,3.9,25.9
Sentosa Island,2024,1,1,0,-,-,-,26.4,29.2,25.2,4.3,27.8
Sentosa Island,2024,1,2,0,-,-,-,-,32,24,-,-
Sentosa Island,2024,1,3,0,-,-,-,-,31,26,-,-
Sentosa Island,2024,1,4,2,-,-,-,-,27,24,-,-
Sentosa Island,2024,1,5,10.5,-,-,-,-,30,25,-,-
Sentosa Island,2024,1,6,0.2,-,-,-,-,32,25,-,-
Sentosa Island,2024,1,7,0,-,-,-,-,27,24,-,-
Sentosa Island,2024,1,8,3.5,-,-,-,-,32,23,-,-
Sentosa Island,2024,1,9,1.8,-,-,-,-,31,25,-,-
Sentosa Island,2024,1,10,0.2,-,-,-,26.4,30.6,24.2,4.1,39.3
Sentosa Island,2024,1,11,9,-,-,-,27.6,30,25.3,4.1,26.3
Sentosa Island,2024,1,12,10.5,7,9,9.5,25.9,27.9,23.9,4.9,54.4
Sentosa Island,2024,1,13,5.8,5.4,5.8,5.8,27,31.7,24.6,3.6,19.8
Sentosa Island,2024,1,14,0,0,0,0,28.3,32.2,26,4.6,24.8
Sentosa Island,2024,1,15,0,0,0,0,28.1,32.7,26.4,4.2,24.8
Sentosa Island,2024,1,16,6,2.5,3.5,4,27.3,30.2,24.3,4.6,27.4
Sentosa Island,2024,1,17,2.5,0.5,1,1.5,28,33.2,25.2,5.4,29.4
Sentosa Island,2024,1,18,7.5,5.5,5.5,6,27.2,30.6,25.7,4.3,25.6
Sentosa Island,2024,1,19,15,5.5,8.5,11.5,26.6,31.3,24,4,29.4
Sentosa Island,2024,1,20,9,3,4,5,25,26.6,23.7,4.7,66.7
Sentosa Island,2024,1,21,1.5,1.5,1.5,1.5,27.1,31.8,23.7,4.7,19.4
Sentosa Island,2024,1,22,0,0,0,0,28,31.7,25.2,4.7,21.3
Sentosa Island,2024,1,23,0,0,0,0,28,32.8,25.7,4.2,25.6
Sentosa Island,2024,1,24,72.4,24.2,40.6,57.2,27.1,31.5,24.3,4.8,72.8
Sentosa Island,2024,1,25,2.2,1.2,2.8,5.6,26.5,31.4,24.7,5.1,53.3
Sentosa Island,2024,1,26,0,0,0,0,28.5,32.8,26,6.4,29.1
Sentosa Island,2024,1,27,0,0,0,0,28.9,32.8,26.8,6.3,30.6
Sentosa Island,2024,1,28,0,0,0,0,28.6,32.6,26.4,6.3,32.4
Sentosa Island,2024,1,29,0,0,0,0,28.8,32.9,26.5,5.9,26.7
Sentosa Island,2024,1,30,0.4,0.4,0.4,0.4,28.2,32,26.4,4.6,22.6
Sentosa Island,2024,1,31,0.4,0.4,0.4,0.4,28.5,33.7,26.1,4.7,25.2
Sentosa Island,2024,2,1,0,0,0,0,28.5,32.8,26.5,5,23
Sentosa Island,2024,2,2,15.2,7.8,8.4,8.6,27.9,33.7,25.1,4.7,24.8
Sentosa Island,2024,2,3,19,14.2,17.2,18.6,27.9,35.1,24.1,5.8,33.2
Sentosa Island,2024,2,4,0,0,0,0,28.9,34,25.1,6.3,26.7
Sentosa Island,2024,2,5,0,0,0,0,29.2,34.9,25.7,4.6,26.3
Sentosa Island,2024,2,6,0,0,0,0,28.8,34.1,26,4.6,22.6
Sentosa Island,2024,2,7,3.2,3.2,3.2,3.2,28.5,33.4,26.1,5,23.3
Sentosa Island,2024,2,8,0,0,0,0,28.3,32.3,26.1,5.3,24.4
Sentosa Island,2024,2,9,27.4,19,21.6,23.6,27.7,32,24.7,5.1,60.7
Sentosa Island,2024,2,10,10.4,6.4,8.2,9.8,28.2,33,24.8,5.5,48.5
Sentosa Island,2024,2,11,3.6,2.8,3.2,9.2,28.4,33.8,24.8,7.1,33.2
Sentosa Island,2024,2,12,3.4,1,1.4,3.4,27,29.3,25.6,6.3,30.9
Sentosa Island,2024,2,13,5.8,4.6,5.6,5.6,27.5,30.5,25.4,5.7,31.7
Sentosa Island,2024,2,14,1,0.6,0.6,0.6,28.4,32.4,26.6,5.6,43.9
Sentosa Island,2024,2,15,3.8,3.4,3.6,3.8,27.5,29.7,25.6,4.9,28.2
Sentosa Island,2024,2,16,0,0,0,0,28.8,33.3,26.6,5.6,31.3
Sentosa Island,2024,2,17,0,0,0,0,28.6,33.3,26.6,5.2,25.6
Sentosa Island,2024,2,18,0,0,0,0,28.9,33,26.5,5.1,23
Sentosa Island,2024,2,19,0,0,0,0,29.1,32.7,26.8,5.3,24.4
Sentosa Island,2024,2,20,0.6,0.2,0.4,0.6,28.8,33,26.7,5.9,26.7
Sentosa Island,2024,2,21,0,0,0,0,28.8,33.4,26.8,5.1,24.1
Sentosa Island,2024,2,22,0,0,0,0,28.8,32.7,26.8,5,23.7
Sentosa Island,2024,2,23,0,0,0,0,28.9,32.8,27,4.8,20.9
Sentosa Island,2024,2,24,0,0,0,0,29,31.9,26.8,4.5,26.7
Sentosa Island,2024,2,25,0,0,0,0,29.5,34.8,26.7,5.4,26.7
Sentosa Island,2024,2,26,0,0,0,0,29.4,33.9,27.1,6.4,29.1
Sentosa Island,2024,2,27,3,2.4,2.6,2.6,28.2,31.5,26.4,5.2,26.7
Sentosa Island,2024,2,28,0,0,0,0,29.4,33.8,27.1,5.9,30.2
Sentosa Island,2024,2,29,0,0,0,0,29.9,35,26.7,5.2,28.5
Sentosa Island,2024,3,1,1.2,0.8,0.8,1.2,29.1,32.7,27,4.9,29.1
Sentosa Island,2024,3,2,6.8,2.6,4.4,4.4,28.4,33.7,27.1,4.6,20.9
Sentosa Island,2024,3,3,8.8,4,4.4,4.4,27.3,31.1,25.2,4.5,27
Sentosa Island,2024,3,4,58.4,25.4,36.4,37.8,27.8,33.1,24.4,5.8,29.8
Sentosa Island,2024,3,5,5.2,4,18.8,41.4,27,33.3,24.4,3.4,19.4
Sentosa Island,2024,3,6,5,4.4,4.8,5,27.9,32.4,25.5,5.2,23
Sentosa Island,2024,3,7,9.6,8.6,9,9,28.1,32.1,25.7,3.6,27.8
Sentosa Island,2024,3,8,3.8,1.6,3,3.6,27.4,30.9,25.9,4.9,22.4
Sentosa Island,2024,3,9,0.2,0.2,0.2,0.2,28.6,32.9,26.1,6.6,27.8
Sentosa Island,2024,3,10,11.6,7.8,9.2,9.2,27.7,30.4,25.9,4.1,21.7
Sentosa Island,2024,3,11,0,0,0,0,29,33.9,26.6,5.2,28.2
Sentosa Island,2024,3,12,0,0,0,0,29.6,34.4,27.4,5.3,25.2
Sentosa Island,2024,3,13,0,0,0,0,29.8,36,26.6,5.6,25.6
Sentosa Island,2024,3,14,0,0,0,0,29.3,35.1,26.4,5.4,26.7
Sentosa Island,2024,3,15,0,0,0,0,28.9,33.7,25.8,10.2,59.4
Sentosa Island,2024,3,16,0,0,0,0,29.3,34.2,26.6,-,-
Sentosa Island,2024,3,17,30.6,12.2,19.4,30.6,29.4,35.7,25.7,-,-
Sentosa Island,2024,3,18,0,0,0,0,29.6,34.2,26.2,-,-
Sentosa Island,2024,3,19,10.6,10.4,10.6,10.6,29,33.6,26.5,-,-
Sentosa Island,2024,3,20,0,0,0,0,29.4,33.2,27.2,-,-
Sentosa Island,2024,3,21,17,9.4,16.6,17,28.8,33.4,26.2,-,-
Sentosa Island,2024,3,22,0,0,0,0,29.2,32.9,26.9,-,-
Sentosa Island,2024,3,23,0,0,0,0,29.1,32.7,27,-,-
Sentosa Island,2024,3,24,0,0,0,0,29.3,32.6,27.3,-,-
Sentosa Island,2024,3,25,0,0,0,0,29.7,33.5,27.4,-,-
Sentosa Island,2024,3,26,0,0,0,0,30.2,35,27.7,-,-
Sentosa Island,2024,3,27,0,0,0,0,29.9,33.4,27.5,-,-
Sentosa Island,2024,3,28,0,0,0,0,29.5,32,27.9,-,-
Sentosa Island,2024,3,29,0,0,0,0,-,36,28,-,-
Sentosa Island,2024,3,30,0,0,0,0,-,35,28,-,-
Sentosa Island,2024,3,31,0,0,0,0,29.9,33.4,28.1,-,-
Sentosa Island,2024,4,1,8.6,7,7.6,8.4,29.3,32.7,26.2,-,-
Sentosa Island,2024,4,2,0,0,0,0,30.1,33.6,28,-,-
Sentosa Island,2024,4,3,0,0,0,0,30,34.7,27.7,-,-
Sentosa Island,2024,4,4,0.8,0.8,0.8,0.8,29.3,32.4,27.2,-,-
Sentosa Island,2024,4,5,0,0,0,0,29.7,33.9,27.1,-,-
Sentosa Island,2024,4,6,0,0,0,0,29.7,33,27.2,-,-
Sentosa Island,2024,4,7,0,0,0,0,30.6,34.6,28.5,-,-
Sentosa Island,2024,4,8,4.8,4,4.6,4.8,29.1,31.8,25.6,-,-
Sentosa Island,2024,4,9,0,0,0,0,30.2,35.3,27.3,-,-
Sentosa Island,2024,4,10,13.4,10.4,10.8,13,28.2,30.6,26,-,-
Sentosa Island,2024,4,11,4.4,1,1.4,2.2,28.6,33,25.6,-,-
Sentosa Island,2024,4,12,30.4,7.4,11.4,16,26.5,28.7,24.4,-,-
Sentosa Island,2024,4,13,2.2,2.2,2.2,2.2,28.8,32.7,25.8,-,-
Sentosa Island,2024,4,14,0,0,0,0,29.1,32.7,26.8,-,-
Sentosa Island,2024,4,15,0,0,0,0,29.2,32.7,26.9,-,-
Sentosa Island,2024,4,16,3.6,1.4,2,2.2,27.6,29.5,25.9,-,-
Sentosa Island,2024,4,17,17,15,15.4,15.4,28.1,31.7,25.7,-,-
Sentosa Island,2024,4,18,3.2,2.2,3,3.2,29.2,32.9,26.3,-,-
Sentosa Island,2024,4,19,0.4,0.4,0.4,0.4,29.5,32.6,26.6,-,-
Sentosa Island,2024,4,20,44.2,23.6,28.6,29.4,28.2,30.8,24.7,-,-
Sentosa Island,2024,4,21,0.2,0.2,0.2,0.2,29.3,32.9,27.5,-,-
Sentosa Island,2024,4,22,0,0,0,0,29.9,32.7,28.1,-,-
Sentosa Island,2024,4,23,0,0,0,0,30.3,33.8,28.4,-,-
Sentosa Island,2024,4,24,0,0,0,0,29.8,32.8,28.6,-,-
Sentosa Island,2024,4,25,0,0,0,0,-,34,28,-,-
Sentosa Island,2024,4,26,0,0,0,0,-,36,27,-,-
Sentosa Island,2024,4,27,0,0,0,0,-,34,28,-,-
Sentosa Island,2024,4,28,2.2,2,2,2,29.3,32.1,27.8,-,-
Sentosa Island,2024,4,29,0,0,0,0,30.5,35.3,27.6,-,-
Sentosa Island,2024,4,30,0,-,0,0,30.4,33.9,28.6,7.3,16.9
Sentosa Island,2024,5,1,0,0,0,0,30.2,34,28.7,-,-
Sentosa Island,2024,5,2,0,0,0,0,29.3,32.4,27.8,-,-
Sentosa Island,2024,5,3,0,0,0,0,29.8,32.8,28.1,-,-
Sentosa Island,2024,5,4,51.6,13,18.8,26.2,27.2,29.6,24.3,-,-
Sentosa Island,2024,5,5,0,0,0,0,29.8,33.1,27.8,-,-
Sentosa Island,2024,5,6,0,0,0,0,30,34,28.2,-,-
Sentosa Island,2024,5,7,0,0,0,0,29.1,32.2,27.3,-,-
Sentosa Island,2024,5,8,5.6,2.2,3.4,4.8,28.1,30.7,25.2,-,-
Sentosa Island,2024,5,9,0,0,0,0.6,29.8,35.4,27.5,-,-
Sentosa Island,2024,5,10,28.2,22,24.4,24.4,28.9,33.4,25.6,-,-
Sentosa Island,2024,5,11,0,0,0,0,29.8,34.3,27.4,-,-
Sentosa Island,2024,5,12,0,0,0,0,29.3,32.1,27.5,-,-
Sentosa Island,2024,5,13,12.6,12,12.6,12.6,29,32.5,26.7,-,-
Sentosa Island,2024,5,14,35.8,34,35.8,35.8,28.7,33.6,25,-,-
Sentosa Island,2024,5,15,0,0,0,0,29.2,32.2,27.3,-,-
Sentosa Island,2024,5,16,26.2,7,9.4,13.4,27.8,31.7,25,-,-
Sentosa Island,2024,5,17,0.2,0.2,0.2,0.2,29.4,33.1,26.2,-,-
Sentosa Island,2024,5,18,0.4,0.2,0.2,0.4,29.3,33.5,26.6,-,-
Sentosa Island,2024,5,19,2.8,2.8,2.8,2.8,29.1,33.4,27,-,-
Sentosa Island,2024,5,20,0.2,0.2,0.2,0.2,28.2,30.3,26.8,-,-
Sentosa Island,2024,5,21,0,0,0,0,29.1,31.4,28,-,-
Sentosa Island,2024,5,22,0.4,0.2,0.4,0.4,28.5,30.2,27.2,-,-
Sentosa Island,2024,5,23,22.4,21,21.8,22.2,28.9,33.5,25.9,-,-
Sentosa Island,2024,5,24,0.8,0.4,0.8,0.8,28.1,30.7,26.1,-,-
Sentosa Island,2024,5,25,3.4,0.6,1.2,1.6,28.3,32.3,25.8,-,-
Sentosa Island,2024,5,26,0.5,0.5,0.5,0.5,29.2,32.3,26.6,-,-
Sentosa Island,2024,5,27,0,0,0,0,29.9,33.1,28.5,-,-
Sentosa Island,2024,5,28,0,0,0,0,29.9,32.5,28.4,-,-
Sentosa Island,2024,5,29,0,0,0,0,30.5,34.8,28.8,-,-
Sentosa Island,2024,5,30,0,0,0,0,29.5,31.8,27.6,-,-
Sentosa Island,2024,5,31,0,0,0,0,29.6,32.9,27.9,-,-
Sentosa Island,2024,6,1,18,13,13.5,14,27.2,29.4,24.5,-,-
Sentosa Island,2024,6,2,4,2,2.5,3.5,27.6,30.4,25.6,-,-
Sentosa Island,2024,6,3,0,0,0,0,28.5,33,25.9,-,-
Sentosa Island,2024,6,4,0,0,0,0,29.6,33.7,27.3,-,-
Sentosa Island,2024,6,5,0,0,0,0,29.9,32.7,27.3,-,-
Sentosa Island,2024,6,6,0,0,0,0,29.1,33.2,27,-,-
Sentosa Island,2024,6,7,0,0,0,0,28.9,31.3,27.1,-,-
Sentosa Island,2024,6,8,2.8,2.6,2.6,2.6,29.2,32,27.1,-,-
Sentosa Island,2024,6,9,0,0,0,0,29.4,31.8,27.4,-,-
Sentosa Island,2024,6,10,0,0,0,0,29.6,31.9,28.3,-,-
Sentosa Island,2024,6,11,0,0,0,0,30,33.7,28.1,-,-
Sentosa Island,2024,6,12,0,0,0,0,29.3,32.4,27.2,-,-
Sentosa Island,2024,6,13,0,0,0,0,30.1,33.3,27.6,-,-
Sentosa Island,2024,6,14,0,0,0,0,29.4,32.5,27.7,-,-
Sentosa Island,2024,6,15,2,1.4,1.6,2,29.1,32.5,26.7,-,-
Sentosa Island,2024,6,16,11,9.8,10.4,10.6,28.3,31.5,23.4,-,-
Sentosa Island,2024,6,17,1.2,1,1.2,1.2,29,32.8,25.6,-,-
Sentosa Island,2024,6,18,0.2,0.2,0.2,0.2,29.3,31.7,27.9,-,-
Sentosa Island,2024,6,19,0,0,0,0,28.9,30.5,27.2,-,-
Sentosa Island,2024,6,20,0.4,0.2,0.4,0.4,29.3,32.1,25.6,-,-
Sentosa Island,2024,6,21,22.8,7.2,11.2,17.4,27.8,29.8,23.1,-,-
Sentosa Island,2024,6,22,41.2,13.8,25.8,31.4,26.7,28.7,23.4,-,-
Sentosa Island,2024,6,23,0,0,0,0,28.9,32.2,27.2,-,-
Sentosa Island,2024,6,24,0,0,0,0,29.7,33.3,27.8,-,-
Sentosa Island,2024,6,25,0,0,0,0,29.6,33.3,28.1,-,-
Sentosa Island,2024,6,26,1.6,1,1.4,1.6,29.5,34.1,26.9,-,-
Sentosa Island,2024,6,27,0.2,0.2,0.2,0.2,28.7,31.4,26.3,-,-
Sentosa Island,2024,6,28,0,0,0,0,29.3,31.8,27.6,-,-
Sentosa Island,2024,6,29,4.6,3.2,3.2,4.4,29,31.6,26.5,-,-
Sentosa Island,2024,6,30,29.8,15,20,24.6,26.8,28.7,23.8,-,-
Sentosa Island,2024,7,1,3.2,3,3.2,3.2,27.9,32.9,24.8,-,-
Sentosa Island,2024,7,2,1,0.4,0.6,0.8,28.8,31.6,27.3,-,-
Sentosa Island,2024,7,3,0,0,0,0,29.4,32.7,27.7,-,-
Sentosa Island,2024,7,4,0,0,0,0,29.4,32.3,27.7,-,-
Sentosa Island,2024,7,5,0,0,0,0,29.2,32.7,26,-,-
Sentosa Island,2024,7,6,3.6,3.6,3.6,3.6,28.5,30.6,26.2,-,-
Sentosa Island,2024,7,7,21,9.6,11.2,12,27.8,30.2,24.2,-,-
Sentosa Island,2024,7,8,4,2,2.8,3.4,27.1,29.1,25.4,-,-
Sentosa Island,2024,7,9,0.2,0.2,0.2,0.2,27.8,30.4,25.9,-,-
Sentosa Island,2024,7,10,0.4,0.4,0.4,0.4,28.5,31.2,26,-,-
Sentosa Island,2024,7,11,0,0,0,0,29.2,32,27.7,-,-
Sentosa Island,2024,7,12,7.8,6,6.2,6.6,27.8,31.5,24.1,-,-
Sentosa Island,2024,7,13,0,0,0,0,29,32.3,25.7,-,-
Sentosa Island,2024,7,14,0.8,0.8,0.8,0.8,29,31.9,26.8,-,-
Sentosa Island,2024,7,15,0,0,0,0,29.5,32.8,27.7,-,-
Sentosa Island,2024,7,16,0,0,0,0,29.2,32.8,27.5,-,-
Sentosa Island,2024,7,17,0,0,0,0,29.2,32.1,27.6,-,-
Sentosa Island,2024,7,18,0,0,0,0,29.5,33.1,27.4,-,-
Sentosa Island,2024,7,19,0,0,0,0,29.6,33.1,27.8,-,-
Sentosa Island,2024,7,20,0,0,0,0,29.9,33.6,27.9,-,-
Sentosa Island,2024,7,21,0,0,0,0,29.8,33,28.2,-,-
Sentosa Island,2024,7,22,0,0,0,0,29.9,33.2,28.1,-,-
Sentosa Island,2024,7,23,0,0,0,0,29.9,33.8,28,-,-
Sentosa Island,2024,7,24,0,0,0,0,29.7,33.1,27.7,-,-
Sentosa Island,2024,7,25,0,0,0,0,29.7,33.2,27.9,-,-
Sentosa Island,2024,7,26,0,0,0,0,29.8,33,27.7,-,-
Sentosa Island,2024,7,27,0,0,0,0,30,33.6,27.8,-,-
Sentosa Island,2024,7,28,0,0,0,0,30,33.8,28,-,-
Sentosa Island,2024,7,29,0,0,0,0,30.1,33.7,28.1,-,-
Sentosa Island,2024,7,30,0,0,0,0,30,33.8,27.7,-,-
Sentosa Island,2024,7,31,37.8,35.6,37.6,37.8,28.6,33.6,24.5,-,-
Sentosa Island,2024,8,1,0,0,0,0,28.7,32.5,25.5,-,-
Sentosa Island,2024,8,2,0,0,0,0,28.9,33,27.5,-,-
Sentosa Island,2024,8,3,0.2,0.2,0.2,0.2,29.3,33.6,27.2,-,-
Sentosa Island,2024,8,4,7.6,3.6,4,4.4,27.4,29.9,25.3,-,-
Sentosa Island,2024,8,5,6.6,6.6,6.6,6.6,28,32.3,24,-,-
Sentosa Island,2024,8,6,0,0,0,0,29.4,33.3,26.9,-,-
Sentosa Island,2024,8,7,0,0,0,0,29,31.9,26.8,-,-
Sentosa Island,2024,8,8,1.4,1.2,1.4,1.4,29.3,32.9,26.3,-,-
Sentosa Island,2024,8,9,11.4,10.2,10.8,11.4,28.4,33,25.5,-,-
Sentosa Island,2024,8,10,34.4,13.2,19.6,26.8,27,29.9,24.9,-,-
Sentosa Island,2024,8,11,2.8,2.2,2.6,2.6,28.2,31.5,24.5,-,-
Sentosa Island,2024,8,12,5.2,5.2,5.2,5.2,28.7,31.6,26.5,-,-
Sentosa Island,2024,8,13,0.2,0.2,0.2,0.2,29.2,31.9,27.5,-,-
Sentosa Island,2024,8,14,44,16.6,16.6,24.2,27.1,30.6,24.5,-,-
Sentosa Island,2024,8,15,0,0,0,0,28.5,32,26,-,-
Sentosa Island,2024,8,16,1.2,1,1.2,1.2,28.8,31.5,26.3,-,-
Sentosa Island,2024,8,17,10,7.8,8.6,9.4,28.2,32,25.8,-,-
Sentosa Island,2024,8,18,0,0,0,0,28.8,32.5,27.3,-,-
Sentosa Island,2024,8,19,0,0,0,0,29.3,32.5,27.4,-,-
Sentosa Island,2024,8,20,2.6,1.6,2,2,27.7,32.8,25.3,-,-
Sentosa Island,2024,8,21,0,0,0,0,28.1,31.6,25.8,-,-
Sentosa Island,2024,8,22,0,0,0,0,29.1,32.6,27.2,-,-
Sentosa Island,2024,8,23,0,0,0,0,28.9,32.6,25.9,-,-
Sentosa Island,2024,8,24,4,1.8,2.4,3,26.8,28.9,25.3,-,-
Sentosa Island,2024,8,25,3.6,3.6,3.6,3.6,27.4,30,24.6,-,-
Sentosa Island,2024,8,26,0,0,0,0,28.8,32.2,26.6,-,-
Sentosa Island,2024,8,27,2.2,1.8,2.2,2.2,28.5,30.6,24.6,-,-
Sentosa Island,2024,8,28,14.2,6.4,11.8,12.8,27.9,31.4,24.2,-,-
Sentosa Island,2024,8,29,0,0,0,0,28.6,30.8,26.3,-,-
Sentosa Island,2024,8,30,0,0,0,0,29.3,33.3,27.5,-,-
Sentosa Island,2024,8,31,0,0,0,0,29.3,33.4,27.4,-,-
Sentosa Island,2024,9,1,0,0,0,0,29.8,33.5,27.5,-,-
Sentosa Island,2024,9,2,0,0,0,0,30,33.8,27.9,-,-
Sentosa Island,2024,9,3,24.5,17,21,24.5,29,31.6,25.2,-,-
Sentosa Island,2024,9,4,26.8,15.6,19.2,23,27.4,29.5,23.9,-,-
Sentosa Island,2024,9,5,0,0,0,0,28.8,32.4,26.3,-,-
Sentosa Island,2024,9,6,0,0,0,0,29.5,33.3,27.5,-,-
Sentosa Island,2024,9,7,0,0,0,0,29.4,32.3,28,-,-
Sentosa Island,2024,9,8,19.6,16.8,19.6,19.6,28.3,31.9,23.8,-,-
Sentosa Island,2024,9,9,1,0.6,0.6,0.6,27.8,31.1,26.5,-,-
Sentosa Island,2024,9,10,14,7.8,9,11.6,27.9,30.3,24.5,-,-
Sentosa Island,2024,9,11,0,0,0,0,29.1,32.4,27.6,-,-
Sentosa Island,2024,9,12,5.2,3.8,4.8,5.2,28.1,30.9,24.2,-,-
Sentosa Island,2024,9,13,0,0,0,0,29.2,31.7,27.8,-,-
Sentosa Island,2024,9,14,44,20.6,34.8,42.2,27.7,31.6,23.4,-,-
Sentosa Island,2024,9,15,6,3.2,3.2,4.8,27.4,29.9,25.5,-,-
Sentosa Island,2024,9,16,0,0,0,0,29,32.3,26.7,-,-
Sentosa Island,2024,9,17,9.6,8.8,9.4,9.4,29.2,32.6,24.3,-,-
Sentosa Island,2024,9,18,0,0,0,0.2,29.2,32.3,27.4,-,-
Sentosa Island,2024,9,19,0,0,0,0,29.4,32.1,27.9,-,-
Sentosa Island,2024,9,20,9,8.6,8.6,8.6,29.3,32.7,24,-,-
Sentosa Island,2024,9,21,13.2,10,12.4,18.6,27.7,31.4,24.1,-,-
Sentosa Island,2024,9,22,0,0,0,0,30.2,34.4,27.5,-,-
Sentosa Island,2024,9,23,0,0,0,0,29.8,34.4,28.5,-,-
Sentosa Island,2024,9,24,11,8,10.8,11,28,31,25,-,-
Sentosa Island,2024,9,25,2.2,2,2.2,2.2,27.9,32.2,25.3,-,-
Sentosa Island,2024,9,26,7.4,1.6,2.8,4.2,26.9,28.8,24.2,-,-
Sentosa Island,2024,9,27,1,1,1,1,28.6,32.2,25.9,-,-
Sentosa Island,2024,9,28,0,0,0,0,28.9,33.4,26.3,-,-
Sentosa Island,2024,9,29,0,0,0,0,29.2,33,27,-,-
Sentosa Island,2024,9,30,0.2,0.2,0.2,0.2,28.6,31.9,26.2,-,-
